Title,Desc,Content
London Bridge Attack Victims Were Advocates for Prisoner Rehabilitation,Saskia Jones and Jack Merritt who were killed in the attack had worked with a prison education program backed by Cambridge University,Jeremy Corbyn the leader of the opposition Labour Party told Sky News that he believed that the criminal justice system needed to be reassessed But he challenged the idea that people sentenced for terrorism offenses should not be released early and pointe 1021 chars
Racial Slurs and 15 Days That Shook Syracuse,How a protest by students of color at Syracuse University NotAgainSU electrified the campus and gained national attention,White fraternity members approached on campus declined to comment on the protests The Syracuse Intrafraternity Council said it would improve education programs on issues surrounding racism implicit bias and sexual assault The Syracuse University community 1432 chars
University of Alberta students call on school to fire assistant lecturer who denies the Holodomor The Globe and Mail,University of Alberta students call on school to fire assistant lecturer who denies the Holodomor The Globe and Mail Alberta university students want lecturer who denies Ukrainian famine fired Calgary Herald Calls to oust University of Alberta lecturer over g,The University of Alberta campus is pictured in Edmonton Alta in an Aug 26 2016 file photo CODIE MCLACHLAN The Globe and Mail Some University of Alberta students want the school to fire an assistant lecturer who denies the Holodomor the mass genocid 2642 chars
Canadian Therapist Gives Up License After Satanists Expose Her Mind Control Talks,Activists with The Satanic Temple say a now former therapist in Canada has been pushing conspiracies about globe spanning mind controlling cults for years And after they exposed some of her professional talks to her licensing board she voluntarily gave up,Activists with The Satanic Temple say a now former therapist in Canada has been pushing conspiracies about globe spanning mind controlling cults for years And after they exposed some of her professional talks to her licensing board she voluntarily gave up 11388 chars
Ron MacLean addresses Don Cherry controversy as he scores honorary degree from University of Alberta Edmonton Journal,Longtime national sports broadcaster Ron MacLean said he hopes to continue his friendship with former co host Don Cherry after his controversial termination from Hockey Night in Canada MacLean was,Longtime national sports broadcaster Ron MacLean said he hopes to continue his friendship with former co host Don Cherry after his controversial termination from Hockey Night in Canada MacLean was in Edmonton Tuesday to receive an honorary degree from the U 2908 chars
Cal State Chancellor Talks Public Education,Thursday A conversation about the California State University s role Also A profile of the notable Californian Tom Hanks,Ive had a chance to work with the board of trustees and appoint many new presidents I think Ive been on 21 searches and weve totally changed our presidential team Half are women And they come from the racial and ethnic identity groups that our students co 1878 chars
Student poverty French march in protest after suicide bid,A student who set himself on fire on Friday blamed his severe financial difficulties on government,Image copyrightAFPImage caption Protesters gathered at the Lyon university attended by the student Students have marched through cities across France to show solidarity with a student who attempted suicide on Friday The 22 year old man set himself on fi 1811 chars
Silicon Valley s Singularity University Is Cutting Staff CEO Exits,Singularity University a Silicon Valley institute offering education on futurism is reckoning with its own uncertain future The chief executive officer is stepping down and the organization plans to eliminate staff From a report The changes were outline,The Fine Print The following comments are owned by whoever posted them We are not responsible for them in any way
Brigham Young University is forcing poor students to choose between free health care and a college education,The Church of Later Day Saints Brigham Young University Idaho will not allow its students to enroll in courses if they are insured under Medicaid Instead students will have to pay out of pocket for private insurance or pay for the school s health insurance,The lowest income students at the Brigham Young University Idaho face a momentous choice pay for private health insurance or drop out of school Specifically the choice affects students who qualify for free coverage under Medicaid which starting in Janua 4997 chars
Millions of SMS messages exposed in database security lapse,A massive database storing tens of millions of SMS text messages most of which were sent by businesses to potential customers has been found online The database is run by TrueDialog a business SMS provider for businesses and higher education providers wh,A massive database storing tens of millions of SMS text messages most of which were sent by businesses to potential customers has been found online The database is run by TrueDialog a business SMS provider for businesses and higher education providers w 2670 chars
Brigham Young University Idaho is forcing poor students to choose between free health care and a college education edited,Brigham Young University Idaho will not allow its students to enroll in courses if they are insured under Medicaid Instead students will have to pay out of pocket for private insurance or pay for the school s health insurance plan which is provided by a co,The lowest income students at the Brigham Young University Idaho face a momentous choice pay for private health insurance or drop out of school Specifically the choice affects students who qualify for free coverage under Medicaid which starting in Janua 4997 chars
Report predicts drug resistance likely to kill 400 000 Canadians by 2050 CTV News,Report predicts drug resistance likely to kill 400 000 Canadians by 2050 CTV News More deaths fewer joint replacements huge costs The superbug crisis is already here report warns National Post Drug resistance likely to kill 400 000 Canadians by 2050 repo,VANCOUVER Superbugs are likely to kill nearly 400 000 Canadians and cost the economy about 400 billion in gross domestic product over the next 30 years warns a landmark report An expert panel cautions in When Antibiotics Fail The growing cost of anti 5780 chars
Report predicts drug resistance likely to kill 400 000 Canadians by 2050 North Island Gazette,Report predicts drug resistance likely to kill 400 000 Canadians by 2050 North Island Gazette How to protect yourself against superbugs and antibiotic resistance CTV News Drug resistance likely to kill 400 000 Canadians by 2050 report predicts CBC ca More de,Superbugs are likely to kill nearly 400 000 Canadians and cost the economy about 400 billion in gross domestic product over the next 30 years warns a landmark report An expert panel cautions in When Antibiotics Fail The growing cost of antimicrobial res 5929 chars
Irving Burgie Who Wrote Calypso Hits for Harry Belafonte Dies at 95,He and Mr Belafonte were behind the calypso craze of the 1950s Mr Burgie was also a singer under the name Lord Burgess,He added The audience had a very good time it appeared They understood or had previously encountered and mastered Lord Burgesss lyrics which are central to the style Despite the barrier of dialect slang and speed he seemed a jolly and artful man who mo 1311 chars
Texas Is Taking Over Houston s Schools Prompting Charges of Racism,A takeover of the state s largest school district has led to lawsuits and accusations that minority voters are being ignored At the center of it are a majority black high school and a member of the Class of 1961,Around the country there have been more than 100 state takeovers of school districts since 1989 and those with predominantly nonwhite school boards have historically been more likely to be taken over according to Domingo Morel author of a book on the subj 1551 chars
Here s what the oldest colleges in America used to look like and what they look like today,The history of higher education in America is older than the Declaration of Independence The oldest known college in the US that still exists today is Harvard University which was founded in 1636 Since Harvard s founding thousands of other higher learning,The history of higher education in America is older than the nation s founding The oldest known college to continuously exist on US soil is Harvard University which dates back to 1636 140 years before the Declaration of Independence was signed in 1776 I 528 chars
Buttigieg rises in Iowa to lead Democratic White House pack poll,Pete Buttigieg has pulled to the top of the pack of Democratic presidential candidates in Iowa for the first time after drawing increased support from nearly every demographic group according to a Monmouth University poll released on Tuesday,WASHINGTON Reuters Pete Buttigieg has pulled to the top of the pack of Democratic presidential candidates in Iowa for the first time after drawing increased support from nearly every demographic group according to a Monmouth University poll released on T 2134 chars
Early release of convicted terrorist under scrutiny after London Bridge attack Global News,Early release of convicted terrorist under scrutiny after London Bridge attack Global News London Bridge attacker s early release from prison under scrutiny CBC ca UK PM Johnson pressured on jail terms after London Bridge attack Reuters Canada Terrorist who p,Usman Khan was convicted on terrorism charges but let out of prison early He attended a Learning Together conference for ex offenders and used the event to launch a bloody attack stabbing two people to death and wounding three others Police shot him de 7306 chars
Dating com acquires Dil Mil app for South Asian expats as dating apps consolidate,Following the recent news about the Badoo and Bumble and Badoo exit there is more consolidation in the dating app space It seems many dating apps are running for the exits ahead of the launch of dating on Facebook The Dating com Group an investment of SDV,Following the recent news about the Badoo and Bumble and Badoo exit there is more consolidation in the dating app space It seems many dating apps are running for the exits ahead of the launch of dating on Facebook The Dating com Group an investment of SD 2506 chars
IT IS DISAPPOINTING Province reacts to elementary teachers job action plan Toronto Sun,IT IS DISAPPOINTING Province reacts to elementary teachers job action plan Toronto Sun Ontario public elementary school teachers to begin work to rule campaign Nov 26 CTV News Elementary teachers union could launch work to rule job action this month CBC,Ontario s public school elementary teachers will begin withdrawing some services Nov 26 but their union president is telling parents it won t impact their children s education or safety Sam Hammond president of the Elementary Teachers Federation of Ontar 3643 chars
A New Smoking Gadget Says It s Safe Should You Trust It,Not quite an e cigarette and not the old paper kind either the Iqos is the latest controversial device to enter the vaping wars,Clearly the best thing somebody can do is to quit nicotine and tobacco altogether says Moira Gilchrist a spokesperson for Philip Morris International which developed the Iqos Short of quitting though Gilchrist says the Iqos is a better alternative In 3413 chars
Cory Booker Bets 100 Billion on Historically Black Colleges and Universities,The senator from New Jersey whose campaign for president is struggling unveiled a plan that comes months after plans for the schools from most of the top tier candidates,Indeed discussion about the many ways the Democratic candidates have proposed to bolster H B C U s has become a central topic in the Democratic presidential primary Ms Harris a graduate of Howard University an H B C U in Washington proposed 70 billi 1607 chars
Harvard Yale football game disrupted by student climate protest,They stormed the football field and urged the two universities to stop investing in fossil fuels,Image copyrightThe Harvard Crimson Timothy R O MearaImage caption Protesters who refused to leave were escorted off the field by police Hundreds of students have disrupted the annual Harvard Yale football game in a climate change protest They invaded the 2292 chars
ICE arrested an estimated 250 people who enrolled in a fake university set up by federal authorities as part of an immigration sting operation,Immigration and Customs Enforcement ICE has arrested 90 more students who enrolled in a fake university set up by federal authorities in an immigration sting the Detroit Free Press reported As first reported in January hundreds of foreign students were a,Immigration and Customs Enforcement ICE has arrested 90 more students who enrolled in a fake university set up by federal authorities as part of an immigration bust the Detroit Free Press reported on Wednesday As the Detroit News first reported in Januar 3788 chars
They can find out anything Leaked documents show China s surveillance of Uighurs worldwide CBC ca,They can find out anything Leaked documents show China s surveillance of Uighurs worldwide CBC ca Secret documents reveal how China operates mass detention camps Global News Data leak reveals how China brainwashes Uighurs in prison camps BBC News China D,A trove of secret documents has revealed China s efforts to track members of its Uighur population living around the world as well as the government s attempts to arrest Uighurs with foreign citizenship upon their return to China including Canadians The d 9190 chars
The 20 US colleges with the best return on your investment 40 years after you ve enrolled,The Georgetown University Center on Education and the Workforce published a study titled A First Try at ROI Ranking 4 500 colleges It ranks universities by their return on investment ROI for students 10 15 20 30 and 40 years after enrollment Forty,A degree from a small New York pharmacy college is more likely to give you a better bang for your buck than a pricey Ivy League school according to a new report The Georgetown University Center on Education and the Workforce CEW published a study titled 1496 chars
Hong Kong at a standstill as protesters move demonstrations to universities Global News,Hong Kong at a standstill as protesters move demonstrations to universities Global News Hong Kong protesters issue demands begin leaving university CTV News Highway blockade reveals splits in protest movement China Hong Kong condemn attack on justice secre,Hong Kong police warned protesters on Thursday that they were moving one step closer to terrorism by sinking the city into chaos as riot squads skirmished with militant students at major universities Police spokesman Tse Chun chung denied his department ha 5499 chars
University of Chicago projected to be the first U S university to cost 100k yr,A great deal of college tuition inflation has been driven by an enrollment strategy to dole out more institutional aid to a growing number of students,The Hechinger Report is a national nonprofit newsroom that reports on one topic education Sign up for our weekly newsletters to get stories like this delivered directly to your inbox Located in the Hyde Park neighborhood of the citys South Side the Uni 16634 chars
ICE arrested 250 foreign born people for the most heinous of crimes pursuing higher education,For the last year the Detroit Free Press has been reporting on the strange saga of the University of Farmington a fake educational institution outside of Detroit Homeland Security Investigations actually spent taxpayer dollars on an epic sting operation r,For the last year the Detroit Free Press has been reporting on the strange saga of the University of Farmington a fake educational institution outside of Detroit Homeland Security Investigations actually spent taxpayer dollars on an epic sting operation r 4316 chars
6 Reasons Why Higher Education Needs to Be Disrupted,Success shouldn t depend on an expensive degree,On the surface universities are a nice idea You go in pick a subject you like learn from the experts and leave being job and future ready This is why so many people around 40 in rich countries decide to go to college even if it means making big fin 10399 chars
Humans are an unknown in California s new earthquake warning system,When a big earthquake struck Mexico City in September 2017 Allen Husker a seismologist at the National Autonomous University of Mexico ducked under his desk The nearby temblor hit before the school s early warning alarm bells could even start blaring But,When a big earthquake struck Mexico City in September 2017 Allen Husker a seismologist at the National Autonomous University of Mexico ducked under his desk The nearby temblor hit before the school s early warning alarm bells could even start blaring But 8636 chars
A prison rehab and education program is at the center of London Bridge stabbing,The two victims and the attacker in the terrorist attack on London Bridge all had ties to an education based prison rehabilitation project out of Cambridge University The Learning Together program aims to reduce reoffenses by prisoners building a more inclus,An education based prison rehabilitation project out of Cambridge University has emerged at the center of a terrorist attack on London Bridge as lawmakers and advocates weigh how the attack could inform action on Britain s prison rehabilitation system The v 4374 chars
Google s AI education tool makes it easy to train models for your projects,Google s Teachable Machine is no longer just a handy lesson in AI you can now put it to work The tech giant has launched Teachable Machine 2 0 with the ability to use your machine learning model in apps websites and other projects You can upload your mo,Teachable Machine can also accept more than just images You can train AI models based on sound and poses in addition to the usual image data including photos not just webcam images Want to determine whether or not your music is metal enough Now you can 491 chars
S More is a new dating app that looks to suspend physical attraction for something more,According to former Chappy Managing Director Adam Cohen Aslatei something more is one of the most common pieces of feedback that dating apps get from their users That s where S More comes in S More was founded by Aslatei to provide a dating app to users,According to former Chappy Managing Director Adam Cohen Aslatei something more is one of the most common pieces of feedback that dating apps get from their users That s where S More comes in S More was founded by Aslatei to provide a dating app to users 2111 chars
Are a College and a University Two Different Things,There s no such thing as a dumb question,A small private higher education institution in Massachusetts long known as Lasell College recently underwent a subtle but significant transformation It changed its name Now the school goes by Lasell University Its longtime president Michael B Alexander 7102 chars
The first victim in the London Bridge attack has been identified as a 25 year old Cambridge University worker Jack Merritt,Screenshot Facebook Jack Merritt One of the two people killed in the London Bridge knife attack was 25 year old Jack Merritt a Cambridge University course coordinator Merritt who was holding a conference for Learning Together an initiative to bring togethe,One of two people killed in the knife attack that ended on London Bridge on Friday was 25 year old Jack Merritt a course coordinator for Cambridge Univeristy s Learning Together initiative to connect higher education with people in the criminal justice syste 2365 chars
Boston Long Led by White Men Votes in New Guard,Voters backed progressive women and people of color to usher in a City Council more diverse than any in Boston s history,The City Council was nearly unanimous in its resistance to the order whipping up anger in white neighborhoods that fueled violent street protests But white residents no longer make up a majority in Boston slipping from 59 percent of the population in 199 1767 chars
Cruel And Appalling Democrats Decry ICE Arrests At Fake University,Democratic lawmakers including Elizabeth Warren and Alexandria Ocasio Cortez lambasted what they described as a corrupt scheme to entrap immigrants,After the reported arrests of hundreds of foreign students at a fake university set up by U S Immigration and Customs Enforcement prominent Democratic lawmakers including Elizabeth Warren and Alexandria Ocasio Cortez lambasted what they described as a cruel 6378 chars
K pop singer Jung Joon youn sentenced to 6 years in prison for rape CBC ca,K pop singer Jung Joon youn sentenced to 6 years in prison for rape CBC ca K pop stars Jung Joon young Choi Jong hoon sentenced for rape Global News 2 K pop stars get prison terms for sexual crimes Yahoo News Canada South Korea rape convictions destroy K pop,A South Korean court sentenced a K pop musician to six years in prison on Friday for raping a woman and distributing a video capturing the act in a case that drew attention to the darker side of the country s lucrative entertainment industry Jung Joon youn 1696 chars
Antigua Demands Harvard Pay Reparations for Benefiting From Slavery,The labor of enslaved people paid for the founding of Harvard Law School Antigua s prime minister reminded the college s president,Mr Bacows words did not appear to mollify the prime minister however who told The Herald on Tuesday that if they fail to engage meaningfully we will be forced to pursue all legal remedies available to us Previous letters to Harvard Mr Browne said sou 1594 chars
Apple Student Discount Guide Savings for Students and Teachers,If you re a student or a teacher you should know that Apple offers educational discounts on a variety of Apple products along with cheaper Apple Music subscriptions and more This guide provides details on the educational benefits that you can get from Appl,If you re a student or a teacher you should know that Apple offers educational discounts on a variety of Apple products along with cheaper Apple Music subscriptions and more This guide provides details on the educational benefits that you can get from App 4787 chars
After a Treacherous Trip From Honduras Aiming for an Education,After a harrowing journey to reach New York Miguel Angel Guity Mejia is hoping to resume his college studies and establish a secure future,Once they reached the middle of the river the current was so strong and the water so deep that one of Mr Mejias friends started drowning Mr Mejia tried pulling him up by his shirt but to no avail He also started drowning God please he recalled thinki 1651 chars
Are coding robots worth your kids time,Toy robots are nothing new In the 1980s the R2D2 like Tomy Verbot or the clunky Milton Bradley Big Trak let kids program their movements or actions using voice commands or a keypad The marketing for those robots focused mostly on the fun and in the case,Toy robots are nothing new In the 1980s the R2D2 like Tomy Verbot or the clunky Milton Bradley Big Trak let kids program their movements or actions using voice commands or a keypad The marketing for those robots focused mostly on the fun and in the case 5268 chars
3 people deported amid RCMP investigation into Surrey brawls caught on camera Global News,3 people deported amid RCMP investigation into Surrey brawls caught on camera Global News 3 suspects deported from Canada after series of Surrey assaults CBC ca Surrey police transition from RCMP will mean belt tightening in other areas Vancouver Sun Surrey R,Surrey RCMP says three people have been deported amid investigations into at least two brawls captured on video in the Newton area Police said they d been actively engaged in the issue and were looking into 50 people involved in the large groups of youth 2818 chars
Researchers Want Guardrails to Help Prevent Bias in AI,Researchers suggest limiting the possible results from an algorithm particularly when non experts are at the controls,Artificial intelligence has given us algorithms capable of recognizing faces diagnosing disease and of course crushing computer games But even the smartest algorithms can sometimes behave in unexpected and unwanted ways for example picking up gender bias 4000 chars
Student body president at University of Florida is facing impeachment proceedings over payments to Donald Trump Jr,Because fiction satire and reality are all one big intertwined clusterfuck these days the New York Times has reported the following Student representatives at the University of Florida introduced a bill on Tuesday to impeach Michael Murphy the student bo,Because fiction satire and reality are all one big intertwined clusterfuck these days the New York Times has reported the following Student representatives at the University of Florida introduced a bill on Tuesday to impeach Michael Murphy the student b 3282 chars
Huge crowd protests Kenney government outside of UCP general assembly Calgary Herald,Huge crowd protests Kenney government outside of UCP general assembly Calgary Herald Alberta premier asks public sector for collaboration amid talk of general strike CBC ca Academics sign letter condemning Premier Kenney s comments about University of Calgary,As United Conservative Party members packed a hotel during a party convention on Sunday in Calgary over 1 000 demonstrators suffered the cold outside to protest recent measures taken by Jason Kenney s government to undercut core public services like educatio 5150 chars
2 kid geniuses under 10 are already pursuing college degrees in hopes of becoming high level scientists,Laurent Simons and Adhara Perez from Belgium and Mexico respectively are on course to earn college degrees before they even hit their teens Laurent Simons a 9 year old child prodigy from Belgium is studying electrical engineering at the Eindhoven Univers,Children from Belgium and Mexico are on course to earn college degrees before they become adults and they both hope to become high level scientists Laurent Simons a 9 year old child prodigy from Belgium is on track to earn a bachelor s degree in electric 1723 chars
Anti racist protesters at Syracuse University brought the chancellor to his knees but now they want his head,In the span of just two weeks at least 12 racist incidents have been reported at Syracuse University mostly involving graffiti derogatory of blacks Asians and Jews A protest movement called NotAgainSU was formed in response to the recent incidents call,SYRACUSE New York Student protestors at Syracuse University won a major victory on Thursday when Chancellor Kent Syverud agreed to a slightly edited list of their 19 demands to make the school safer and more accepting of minority students Protests erupt 3122 chars
Sundance Institute s Co ab offers online education and feedback for filmmakers,The Sundance Institute is looking to reach a broader community of up and coming filmmakers with a new website called Co ab The institute s chief product officer Tara Hein Phillips told me that a small pilot version of the site first launched early in 2018,The Sundance Institute is looking to reach a broader community of up and coming filmmakers with a new website called Co ab The institute s chief product officer Tara Hein Phillips told me that a small pilot version of the site first launched early in 2018 2120 chars
Title,Desc,Content
London Bridge Attack Victims Were Advocates for Prisoner Rehabilitation,Saskia Jones and Jack Merritt who were killed in the attack had worked with a prison education program backed by Cambridge University,Jeremy Corbyn the leader of the opposition Labour Party told Sky News that he believed that the criminal justice system needed to be reassessed But he challenged the idea that people sentenced for terrorism offenses should not be released early and pointe 1021 chars
Racial Slurs and 15 Days That Shook Syracuse,How a protest by students of color at Syracuse University NotAgainSU electrified the campus and gained national attention,White fraternity members approached on campus declined to comment on the protests The Syracuse Intrafraternity Council said it would improve education programs on issues surrounding racism implicit bias and sexual assault The Syracuse University community 1432 chars
University of Alberta students call on school to fire assistant lecturer who denies the Holodomor The Globe and Mail,University of Alberta students call on school to fire assistant lecturer who denies the Holodomor The Globe and Mail Alberta university students want lecturer who denies Ukrainian famine fired Calgary Herald Calls to oust University of Alberta lecturer over g,The University of Alberta campus is pictured in Edmonton Alta in an Aug 26 2016 file photo CODIE MCLACHLAN The Globe and Mail Some University of Alberta students want the school to fire an assistant lecturer who denies the Holodomor the mass genocid 2642 chars
Canadian Therapist Gives Up License After Satanists Expose Her Mind Control Talks,Activists with The Satanic Temple say a now former therapist in Canada has been pushing conspiracies about globe spanning mind controlling cults for years And after they exposed some of her professional talks to her licensing board she voluntarily gave up,Activists with The Satanic Temple say a now former therapist in Canada has been pushing conspiracies about globe spanning mind controlling cults for years And after they exposed some of her professional talks to her licensing board she voluntarily gave up 11388 chars
Ron MacLean addresses Don Cherry controversy as he scores honorary degree from University of Alberta Edmonton Journal,Longtime national sports broadcaster Ron MacLean said he hopes to continue his friendship with former co host Don Cherry after his controversial termination from Hockey Night in Canada MacLean was,Longtime national sports broadcaster Ron MacLean said he hopes to continue his friendship with former co host Don Cherry after his controversial termination from Hockey Night in Canada MacLean was in Edmonton Tuesday to receive an honorary degree from the U 2908 chars
Cal State Chancellor Talks Public Education,Thursday A conversation about the California State University s role Also A profile of the notable Californian Tom Hanks,Ive had a chance to work with the board of trustees and appoint many new presidents I think Ive been on 21 searches and weve totally changed our presidential team Half are women And they come from the racial and ethnic identity groups that our students co 1878 chars
Student poverty French march in protest after suicide bid,A student who set himself on fire on Friday blamed his severe financial difficulties on government,Image copyrightAFPImage caption Protesters gathered at the Lyon university attended by the student Students have marched through cities across France to show solidarity with a student who attempted suicide on Friday The 22 year old man set himself on fi 1811 chars
Silicon Valley s Singularity University Is Cutting Staff CEO Exits,Singularity University a Silicon Valley institute offering education on futurism is reckoning with its own uncertain future The chief executive officer is stepping down and the organization plans to eliminate staff From a report The changes were outline,The Fine Print The following comments are owned by whoever posted them We are not responsible for them in any way
Brigham Young University is forcing poor students to choose between free health care and a college education,The Church of Later Day Saints Brigham Young University Idaho will not allow its students to enroll in courses if they are insured under Medicaid Instead students will have to pay out of pocket for private insurance or pay for the school s health insurance,The lowest income students at the Brigham Young University Idaho face a momentous choice pay for private health insurance or drop out of school Specifically the choice affects students who qualify for free coverage under Medicaid which starting in Janua 4997 chars
A Welcome Funding Source for College Athletics Women Investing in Women s Sports,As the 50th anniversary of Title IX approaches former female athletes are donating millions to build facilities and endow scholarships and coaching positions at their alma maters,Lisa Palmer 51 a former star softball pitcher at Virginia who is now president and chief financial officer of a real estate investment trust endowed a softball scholarship there in 2014 Now she is the lead donor with her mother for a 10 million softbal 1695 chars
Millions of SMS messages exposed in database security lapse,A massive database storing tens of millions of SMS text messages most of which were sent by businesses to potential customers has been found online The database is run by TrueDialog a business SMS provider for businesses and higher education providers wh,A massive database storing tens of millions of SMS text messages most of which were sent by businesses to potential customers has been found online The database is run by TrueDialog a business SMS provider for businesses and higher education providers w 2670 chars
Brigham Young University Idaho is forcing poor students to choose between free health care and a college education edited,Brigham Young University Idaho will not allow its students to enroll in courses if they are insured under Medicaid Instead students will have to pay out of pocket for private insurance or pay for the school s health insurance plan which is provided by a co,The lowest income students at the Brigham Young University Idaho face a momentous choice pay for private health insurance or drop out of school Specifically the choice affects students who qualify for free coverage under Medicaid which starting in Janua 4997 chars
Report predicts drug resistance likely to kill 400 000 Canadians by 2050 CTV News,Report predicts drug resistance likely to kill 400 000 Canadians by 2050 CTV News More deaths fewer joint replacements huge costs The superbug crisis is already here report warns National Post Drug resistance likely to kill 400 000 Canadians by 2050 repo,VANCOUVER Superbugs are likely to kill nearly 400 000 Canadians and cost the economy about 400 billion in gross domestic product over the next 30 years warns a landmark report An expert panel cautions in When Antibiotics Fail The growing cost of anti 5780 chars
Report predicts drug resistance likely to kill 400 000 Canadians by 2050 North Island Gazette,Report predicts drug resistance likely to kill 400 000 Canadians by 2050 North Island Gazette How to protect yourself against superbugs and antibiotic resistance CTV News Drug resistance likely to kill 400 000 Canadians by 2050 report predicts CBC ca More de,Superbugs are likely to kill nearly 400 000 Canadians and cost the economy about 400 billion in gross domestic product over the next 30 years warns a landmark report An expert panel cautions in When Antibiotics Fail The growing cost of antimicrobial res 5929 chars
Irving Burgie Who Wrote Calypso Hits for Harry Belafonte Dies at 95,He and Mr Belafonte were behind the calypso craze of the 1950s Mr Burgie was also a singer under the name Lord Burgess,He added The audience had a very good time it appeared They understood or had previously encountered and mastered Lord Burgesss lyrics which are central to the style Despite the barrier of dialect slang and speed he seemed a jolly and artful man who mo 1311 chars
Texas Is Taking Over Houston s Schools Prompting Charges of Racism,A takeover of the state s largest school district has led to lawsuits and accusations that minority voters are being ignored At the center of it are a majority black high school and a member of the Class of 1961,Around the country there have been more than 100 state takeovers of school districts since 1989 and those with predominantly nonwhite school boards have historically been more likely to be taken over according to Domingo Morel author of a book on the subj 1551 chars
Here s what the oldest colleges in America used to look like and what they look like today,The history of higher education in America is older than the Declaration of Independence The oldest known college in the US that still exists today is Harvard University which was founded in 1636 Since Harvard s founding thousands of other higher learning,The history of higher education in America is older than the nation s founding The oldest known college to continuously exist on US soil is Harvard University which dates back to 1636 140 years before the Declaration of Independence was signed in 1776 I 528 chars
Buttigieg rises in Iowa to lead Democratic White House pack poll,Pete Buttigieg has pulled to the top of the pack of Democratic presidential candidates in Iowa for the first time after drawing increased support from nearly every demographic group according to a Monmouth University poll released on Tuesday,WASHINGTON Reuters Pete Buttigieg has pulled to the top of the pack of Democratic presidential candidates in Iowa for the first time after drawing increased support from nearly every demographic group according to a Monmouth University poll released on T 2134 chars
Early release of convicted terrorist under scrutiny after London Bridge attack Global News,Early release of convicted terrorist under scrutiny after London Bridge attack Global News London Bridge attacker s early release from prison under scrutiny CBC ca UK PM Johnson pressured on jail terms after London Bridge attack Reuters Canada Terrorist who p,Usman Khan was convicted on terrorism charges but let out of prison early He attended a Learning Together conference for ex offenders and used the event to launch a bloody attack stabbing two people to death and wounding three others Police shot him de 7306 chars
Dating com acquires Dil Mil app for South Asian expats as dating apps consolidate,Following the recent news about the Badoo and Bumble and Badoo exit there is more consolidation in the dating app space It seems many dating apps are running for the exits ahead of the launch of dating on Facebook The Dating com Group an investment of SDV,Following the recent news about the Badoo and Bumble and Badoo exit there is more consolidation in the dating app space It seems many dating apps are running for the exits ahead of the launch of dating on Facebook The Dating com Group an investment of SD 2506 chars
IT IS DISAPPOINTING Province reacts to elementary teachers job action plan Toronto Sun,IT IS DISAPPOINTING Province reacts to elementary teachers job action plan Toronto Sun Ontario public elementary school teachers to begin work to rule campaign Nov 26 CTV News Elementary teachers union could launch work to rule job action this month CBC,Ontario s public school elementary teachers will begin withdrawing some services Nov 26 but their union president is telling parents it won t impact their children s education or safety Sam Hammond president of the Elementary Teachers Federation of Ontar 3643 chars
A New Smoking Gadget Says It s Safe Should You Trust It,Not quite an e cigarette and not the old paper kind either the Iqos is the latest controversial device to enter the vaping wars,Clearly the best thing somebody can do is to quit nicotine and tobacco altogether says Moira Gilchrist a spokesperson for Philip Morris International which developed the Iqos Short of quitting though Gilchrist says the Iqos is a better alternative In 3413 chars
Cory Booker Bets 100 Billion on Historically Black Colleges and Universities,The senator from New Jersey whose campaign for president is struggling unveiled a plan that comes months after plans for the schools from most of the top tier candidates,Indeed discussion about the many ways the Democratic candidates have proposed to bolster H B C U s has become a central topic in the Democratic presidential primary Ms Harris a graduate of Howard University an H B C U in Washington proposed 70 billi 1607 chars
Harvard Yale football game disrupted by student climate protest,They stormed the football field and urged the two universities to stop investing in fossil fuels,Image copyrightThe Harvard Crimson Timothy R O MearaImage caption Protesters who refused to leave were escorted off the field by police Hundreds of students have disrupted the annual Harvard Yale football game in a climate change protest They invaded the 2292 chars
ICE arrested an estimated 250 people who enrolled in a fake university set up by federal authorities as part of an immigration sting operation,Immigration and Customs Enforcement ICE has arrested 90 more students who enrolled in a fake university set up by federal authorities in an immigration sting the Detroit Free Press reported As first reported in January hundreds of foreign students were a,Immigration and Customs Enforcement ICE has arrested 90 more students who enrolled in a fake university set up by federal authorities as part of an immigration bust the Detroit Free Press reported on Wednesday As the Detroit News first reported in Januar 3788 chars
They can find out anything Leaked documents show China s surveillance of Uighurs worldwide CBC ca,They can find out anything Leaked documents show China s surveillance of Uighurs worldwide CBC ca Secret documents reveal how China operates mass detention camps Global News Data leak reveals how China brainwashes Uighurs in prison camps BBC News China D,A trove of secret documents has revealed China s efforts to track members of its Uighur population living around the world as well as the government s attempts to arrest Uighurs with foreign citizenship upon their return to China including Canadians The d 9190 chars
The 20 US colleges with the best return on your investment 40 years after you ve enrolled,The Georgetown University Center on Education and the Workforce published a study titled A First Try at ROI Ranking 4 500 colleges It ranks universities by their return on investment ROI for students 10 15 20 30 and 40 years after enrollment Forty,A degree from a small New York pharmacy college is more likely to give you a better bang for your buck than a pricey Ivy League school according to a new report The Georgetown University Center on Education and the Workforce CEW published a study titled 1496 chars
Hong Kong at a standstill as protesters move demonstrations to universities Global News,Hong Kong at a standstill as protesters move demonstrations to universities Global News Hong Kong protesters issue demands begin leaving university CTV News Highway blockade reveals splits in protest movement China Hong Kong condemn attack on justice secre,Hong Kong police warned protesters on Thursday that they were moving one step closer to terrorism by sinking the city into chaos as riot squads skirmished with militant students at major universities Police spokesman Tse Chun chung denied his department ha 5499 chars
University of Chicago projected to be the first U S university to cost 100k yr,A great deal of college tuition inflation has been driven by an enrollment strategy to dole out more institutional aid to a growing number of students,The Hechinger Report is a national nonprofit newsroom that reports on one topic education Sign up for our weekly newsletters to get stories like this delivered directly to your inbox Located in the Hyde Park neighborhood of the citys South Side the Uni 16634 chars
ICE arrested 250 foreign born people for the most heinous of crimes pursuing higher education,For the last year the Detroit Free Press has been reporting on the strange saga of the University of Farmington a fake educational institution outside of Detroit Homeland Security Investigations actually spent taxpayer dollars on an epic sting operation r,For the last year the Detroit Free Press has been reporting on the strange saga of the University of Farmington a fake educational institution outside of Detroit Homeland Security Investigations actually spent taxpayer dollars on an epic sting operation r 4316 chars
6 Reasons Why Higher Education Needs to Be Disrupted,Success shouldn t depend on an expensive degree,On the surface universities are a nice idea You go in pick a subject you like learn from the experts and leave being job and future ready This is why so many people around 40 in rich countries decide to go to college even if it means making big fin 10399 chars
Humans are an unknown in California s new earthquake warning system,When a big earthquake struck Mexico City in September 2017 Allen Husker a seismologist at the National Autonomous University of Mexico ducked under his desk The nearby temblor hit before the school s early warning alarm bells could even start blaring But,When a big earthquake struck Mexico City in September 2017 Allen Husker a seismologist at the National Autonomous University of Mexico ducked under his desk The nearby temblor hit before the school s early warning alarm bells could even start blaring But 8636 chars
A prison rehab and education program is at the center of London Bridge stabbing,The two victims and the attacker in the terrorist attack on London Bridge all had ties to an education based prison rehabilitation project out of Cambridge University The Learning Together program aims to reduce reoffenses by prisoners building a more inclus,An education based prison rehabilitation project out of Cambridge University has emerged at the center of a terrorist attack on London Bridge as lawmakers and advocates weigh how the attack could inform action on Britain s prison rehabilitation system The v 4374 chars
Are a College and a University Two Different Things,There s no such thing as a dumb question,A small private higher education institution in Massachusetts long known as Lasell College recently underwent a subtle but significant transformation It changed its name Now the school goes by Lasell University Its longtime president Michael B Alexander 7102 chars
Google s AI education tool makes it easy to train models for your projects,Google s Teachable Machine is no longer just a handy lesson in AI you can now put it to work The tech giant has launched Teachable Machine 2 0 with the ability to use your machine learning model in apps websites and other projects You can upload your mo,Teachable Machine can also accept more than just images You can train AI models based on sound and poses in addition to the usual image data including photos not just webcam images Want to determine whether or not your music is metal enough Now you can 491 chars
S More is a new dating app that looks to suspend physical attraction for something more,According to former Chappy Managing Director Adam Cohen Aslatei something more is one of the most common pieces of feedback that dating apps get from their users That s where S More comes in S More was founded by Aslatei to provide a dating app to users,According to former Chappy Managing Director Adam Cohen Aslatei something more is one of the most common pieces of feedback that dating apps get from their users That s where S More comes in S More was founded by Aslatei to provide a dating app to users 2111 chars
The first victim in the London Bridge attack has been identified as a 25 year old Cambridge University worker Jack Merritt,Screenshot Facebook Jack Merritt One of the two people killed in the London Bridge knife attack was 25 year old Jack Merritt a Cambridge University course coordinator Merritt who was holding a conference for Learning Together an initiative to bring togethe,One of two people killed in the knife attack that ended on London Bridge on Friday was 25 year old Jack Merritt a course coordinator for Cambridge Univeristy s Learning Together initiative to connect higher education with people in the criminal justice syste 2365 chars
Cruel And Appalling Democrats Decry ICE Arrests At Fake University,Democratic lawmakers including Elizabeth Warren and Alexandria Ocasio Cortez lambasted what they described as a corrupt scheme to entrap immigrants,After the reported arrests of hundreds of foreign students at a fake university set up by U S Immigration and Customs Enforcement prominent Democratic lawmakers including Elizabeth Warren and Alexandria Ocasio Cortez lambasted what they described as a cruel 6378 chars
Boston Long Led by White Men Votes in New Guard,Voters backed progressive women and people of color to usher in a City Council more diverse than any in Boston s history,The City Council was nearly unanimous in its resistance to the order whipping up anger in white neighborhoods that fueled violent street protests But white residents no longer make up a majority in Boston slipping from 59 percent of the population in 199 1767 chars
K pop singer Jung Joon youn sentenced to 6 years in prison for rape CBC ca,K pop singer Jung Joon youn sentenced to 6 years in prison for rape CBC ca K pop stars Jung Joon young Choi Jong hoon sentenced for rape Global News 2 K pop stars get prison terms for sexual crimes Yahoo News Canada South Korea rape convictions destroy K pop,A South Korean court sentenced a K pop musician to six years in prison on Friday for raping a woman and distributing a video capturing the act in a case that drew attention to the darker side of the country s lucrative entertainment industry Jung Joon youn 1696 chars
Antigua Demands Harvard Pay Reparations for Benefiting From Slavery,The labor of enslaved people paid for the founding of Harvard Law School Antigua s prime minister reminded the college s president,Mr Bacows words did not appear to mollify the prime minister however who told The Herald on Tuesday that if they fail to engage meaningfully we will be forced to pursue all legal remedies available to us Previous letters to Harvard Mr Browne said sou 1594 chars
Apple Student Discount Guide Savings for Students and Teachers,If you re a student or a teacher you should know that Apple offers educational discounts on a variety of Apple products along with cheaper Apple Music subscriptions and more This guide provides details on the educational benefits that you can get from Appl,If you re a student or a teacher you should know that Apple offers educational discounts on a variety of Apple products along with cheaper Apple Music subscriptions and more This guide provides details on the educational benefits that you can get from App 4787 chars
After a Treacherous Trip From Honduras Aiming for an Education,After a harrowing journey to reach New York Miguel Angel Guity Mejia is hoping to resume his college studies and establish a secure future,Once they reached the middle of the river the current was so strong and the water so deep that one of Mr Mejias friends started drowning Mr Mejia tried pulling him up by his shirt but to no avail He also started drowning God please he recalled thinki 1651 chars
Are coding robots worth your kids time,Toy robots are nothing new In the 1980s the R2D2 like Tomy Verbot or the clunky Milton Bradley Big Trak let kids program their movements or actions using voice commands or a keypad The marketing for those robots focused mostly on the fun and in the case,Toy robots are nothing new In the 1980s the R2D2 like Tomy Verbot or the clunky Milton Bradley Big Trak let kids program their movements or actions using voice commands or a keypad The marketing for those robots focused mostly on the fun and in the case 5268 chars
3 people deported amid RCMP investigation into Surrey brawls caught on camera Global News,3 people deported amid RCMP investigation into Surrey brawls caught on camera Global News 3 suspects deported from Canada after series of Surrey assaults CBC ca Surrey police transition from RCMP will mean belt tightening in other areas Vancouver Sun Surrey R,Surrey RCMP says three people have been deported amid investigations into at least two brawls captured on video in the Newton area Police said they d been actively engaged in the issue and were looking into 50 people involved in the large groups of youth 2818 chars
Researchers Want Guardrails to Help Prevent Bias in AI,Researchers suggest limiting the possible results from an algorithm particularly when non experts are at the controls,Artificial intelligence has given us algorithms capable of recognizing faces diagnosing disease and of course crushing computer games But even the smartest algorithms can sometimes behave in unexpected and unwanted ways for example picking up gender bias 4000 chars
Student body president at University of Florida is facing impeachment proceedings over payments to Donald Trump Jr,Because fiction satire and reality are all one big intertwined clusterfuck these days the New York Times has reported the following Student representatives at the University of Florida introduced a bill on Tuesday to impeach Michael Murphy the student bo,Because fiction satire and reality are all one big intertwined clusterfuck these days the New York Times has reported the following Student representatives at the University of Florida introduced a bill on Tuesday to impeach Michael Murphy the student b 3282 chars
Huge crowd protests Kenney government outside of UCP general assembly Calgary Herald,Huge crowd protests Kenney government outside of UCP general assembly Calgary Herald Alberta premier asks public sector for collaboration amid talk of general strike CBC ca Academics sign letter condemning Premier Kenney s comments about University of Calgary,As United Conservative Party members packed a hotel during a party convention on Sunday in Calgary over 1 000 demonstrators suffered the cold outside to protest recent measures taken by Jason Kenney s government to undercut core public services like educatio 5150 chars
2 kid geniuses under 10 are already pursuing college degrees in hopes of becoming high level scientists,Laurent Simons and Adhara Perez from Belgium and Mexico respectively are on course to earn college degrees before they even hit their teens Laurent Simons a 9 year old child prodigy from Belgium is studying electrical engineering at the Eindhoven Univers,Children from Belgium and Mexico are on course to earn college degrees before they become adults and they both hope to become high level scientists Laurent Simons a 9 year old child prodigy from Belgium is on track to earn a bachelor s degree in electric 1723 chars
Anti racist protesters at Syracuse University brought the chancellor to his knees but now they want his head,In the span of just two weeks at least 12 racist incidents have been reported at Syracuse University mostly involving graffiti derogatory of blacks Asians and Jews A protest movement called NotAgainSU was formed in response to the recent incidents call,SYRACUSE New York Student protestors at Syracuse University won a major victory on Thursday when Chancellor Kent Syverud agreed to a slightly edited list of their 19 demands to make the school safer and more accepting of minority students Protests erupt 3122 chars
